factura_numero,ref,descripcion,cantidad,precio,descuento,importe
59,20889,ESTUFA DE PASILLO CANALIZABLE NETFLAME 10 KW BLANCA,1.0,990.0,0.0,990.0
27,REF_AUTO_2F43B4,AEROTERMIA HI-WATER R290 AH-200U4GAB00 HISENSE,1.0,974.46,0.0,974.46
29,602,COMPRA FERRETERIA MES FEBRERO,1.0,899.77,0.0,899.77
60,AIKO610,MODULO FV AIKO 610WP COMET 1N GEN SF 144 CELULAS MC4,12.0,70.15,0.0,841.8000000000001
22,GR-SPE 10000ES,INVERSOR HÍBRIDO MONOFÁSICO GROWATT SPE 10000ES 10.000W BATERÍAS DE BAJP VOLTAJE Y BACKUP INCORPORADO,1.0,835.0,0.0,835.0
9,SPE 10KT,INVERSOR GROWATT SPE 10000 ES,1.0,835.0,0.0,835.0
32,REF_AUTO_2F43B4,BOMBA DE CALOR NUOS EVO A+ 150 INSTLACIÓNVERTICAL/MURAL -5/42ºC A+/L,1.0,770.0,0.0,770.0
12,68865/1,IAC CONTROL UNIT,4.0,320.0,40.0,768.0
46,SMART METTER MON.SING.PHASE,ALMACÉN,10.0,76.0,0.0,760.0
28,7808438,CALD CUBIC CONDENS 24/24F,1.0,640.0,0.0,640.0
19,ATS INVERSORES,ELEMENTO ATS INVERSORES GROWATT DE BATERÍAS 230VAC 63A,8.0,68.6,0.0,548.8
27,REF_AUTO_2F43B4,DESCALCIFICADOR ESSENTIAL 11 LTS 902801,1.0,544.98,0.0,544.98
68,144662,DESCALCIFICADOR ESSENTIAL 11 LTS 902801,1.0,544.98,0.0,544.98
68,144662,ANASTASIO,1.0,544.98,0.0,544.98
69,144662,DESCALCIFICADOR ESSENTIAL 11 LTS 902801,1.0,544.98,0.0,544.98
69,144662,ANASTASIO,1.0,544.98,0.0,544.98
41,T.ABIERTO 30,TRIANGULO ABIERTO INCLINACIÓN 30º,30.0,17.91,0.0,537.3
Líneas de factura de compra,COPM8CE,FRANCISCO PORCUNA,2.0,532.91,50.0,532.91
9,GR-MIN 6000TL-XH,INVERSOR DE CONEXION A RED MONOFASICO GROWATT MIN 6000TL-XH 6000W AC SPS CON OPCION A BATERIAS,1.0,505.0,0.0,505.0
68,190363,SPLIT DE PARED SU12H6 SUNECO,2.0,245.0,0.0,490.0
69,190363,SPLIT DE PARED SU12H6 SUNECO,2.0,245.0,0.0,490.0
13,SOPORTE METALICA,SOPORTE CUBIERTA METÁLICA,300.0,1.56,0.0,468.0
61,SOPORTE METALICA,ALMACÉN,300.0,1.56,0.0,468.0
68,140927,ANASTASIO (FUENTE TÓJAR),5.0,92.4,0.0,462.0
69,140927,ANASTASIO (FUENTE TÓJAR),5.0,92.4,0.0,462.0
42,T.DOBLE 15,TRIANGULO DOBLE MÓSULOS VERTICAL CON 15º,7.0,63.85,0.0,446.95
77,AIKO610,MODULO FV AIKO 610WP COMET 1N GEN SF 144 CELULAS MC4,6.0,73.2,0.0,439.2000000000001
75,PIR20451154,PRYSOLAR E-SENS H1ZZZZ-K 1X6 BK 1.5KV,510.0,0.819,0.0,417.69
75,PIR20451155,PRYSOLAR E-SENS H1ZZZ-K 1X6 RD. 1.5KV (ROLLO4626340) (PIR821AFCH),510.0,0.819,0.0,417.69
50,$0956M2,"NICOLÁS CONSTRUCTOR - CALLE PERPETUO SOCORRO, 28",31.68,25.62,50.0,405.8208
9,SPF6000-ES-PLUS,INVERSOR/CARGADOR/REGULADOR GROWATT SPF 48VCC 6000 W Y REGULADOR 500 VCC 2 MPPTS Y INCORPORA WIFI,1.0,403.529,0.0,403.529
27,187102,Mª JOSÉ (GRANADA),1.0,672.0,40.0,403.2
27,187102,ACUMULADOR INERCIA 100 INOX 2052370 DEL PASO,1.0,672.0,40.0,403.2
58,CARG.GROWATT.22,"CARGADOR COCHE GROWATT 22KW THOT 22AS-P /WIFI, RFID)",1.0,400.0,0.0,400.0
68,140953,RADIADOR EUROPA E800 DE 12 ELEMENTOS FERROLI,3.0,133.31,0.0,399.93
69,140953,RADIADOR EUROPA E800 DE 12 ELEMENTOS FERROLI,3.0,133.31,0.0,399.93
72,0912300121,ALMACÉN,60.0,6.62,0.0,397.2
75,VTR SCC125085411,SERGIO VALDERRAMA,1.0,384.0,0.0,384.0
50,SCH3007120,"NICOLÁS CONSTRUCTOR. CALLE PERPETUO SOCORRO, 28",210.0,3.62,50.0,380.1
61,T.ABIERTO 30,ALMACÉN,20.0,17.91,0.0,358.2
63,6241,PORTES,1.0,350.0,0.0,350.0
5,BACK-UP,ELEMENTO GROWATT BACK-UP BOX APX PARA MID XH SYN100-30,1.0,335.0,0.0,335.0
75,05086,SERGIO VALDERRAMA,1.0,330.0,0.0,330.0
52,REF_AUTO_2F43B4,JESÚS MORALES BUSTOS - LA YEDRA,1.0,528.0,38.0,327.36
64,PWT100D,FUENTE TÓJAR,1.0,528.0,38.0,327.36
11,VICTRON250/70,VICTRON SMARTSOLAR MPPT 250/70-TR,1.0,316.82,0.0,316.82
15,01601ECX3600T6Q03,PERFIL PLACAS SOLARES (ENERGÍA SOLAR) X3600,72.0,4.2863,0.0,308.6136
68,140953,JOSE ANTONIO PÉREZ MELENDO,2.0,133.31,0.0,266.62
69,140953,JOSE ANTONIO PÉREZ MELENDO,2.0,133.31,0.0,266.62
68,190363,SPLIT DE PARED SU12H6 SUNECO,1.0,245.0,0.0,245.0
69,190363,SPLIT DE PARED SU12H6 SUNECO,1.0,245.0,0.0,245.0
34,6292,CHAQUETA SOFTSHELL HORIZON TALLA L NEGRO,10.0,24.3,0.0,243.0
34,6292,CHAQUETA SOFTSHELL HORIZON TALLA XL NEGRO,10.0,24.3,0.0,243.0
75,LEG 411525,DIFERENCIAL DX3 2/40/300 AC,6.0,38.89,0.0,233.34
10,REF_AUTO_5E7A10,INVERSOR SOLAR HÍBRIDO 24V 3.2KW 3000W MPPT,1.0,231.41,0.0,231.41
68,140925,ANASTASIO (FUENTE TÓJAR),3.0,77.0,0.0,231.0
69,140925,ANASTASIO (FUENTE TÓJAR),3.0,77.0,0.0,231.0
54,ABI1260,RACK MURAL S. ABI 12 U 635X600X600mm,2.0,115.0,0.0,230.0
8,CO14652,TERMOSTATO DIGITAL DE SUPERFICIE MUNDOCONTROL FN-42,3.0,114.0,35.0,222.3
34,6292,CHAQUETA SOFTSHELL HORIZON TALLA XXL NEGRO,9.0,24.3,0.0,218.7
Líneas de factura de compra,COPM6CE,COLECTOR PLÁSTICO 6 CIRCUITOS C/EUROCONOS 16X3/4,1.0,435.88,50.0,217.94
35,00580917,ENVASE NITRÓGENO 7 L,1.0,209.24,0.0,209.24
50,$0956MT,"NICOLÁS CONSTRUCTOR - CALLE PERPETUO SOCORRO, 28",240.0,1.67,50.0,200.4
34,6292,"CHAQUETA SOFTSHELL HORIZON TALLA M NEGRO. SE PIDIERON 8, VINIVERON 7. REPUESTA LA QUE FALTABA",8.0,24.3,0.0,194.4
50,$0956AR,"NICOLÁS CONSTRUCTOR - CALLE PERPETUO SOCORRO, 28",1.0,194.02,0.0,194.02
28,2000033,GUÍA PERFORADA GALVANIZADA 27X18X2000,57.0,6.76,50.0,192.66
Líneas de factura de compra3,68865,ANTONIO MOLERO,1.0,320.0,40.0,192.0
Líneas de factura de compra,COPM5CE/5,FRANCISCO PORCUNA,1.0,389.16,51.0,190.6884
46,REF_AUTO_5DD3BC,ALMACÉN,10.0,19.0,0.0,190.0
75,00654,SERGIO VALDERRAMA,1.0,173.8,0.0,173.8
Líneas de factura de compra,COPM4CE,COLECTOR PLÁSTICO 4 CIRCUITOS C/EUROCONOS 16X3/4,1.0,338.21,50.0,169.105
13,CENTRAL NL,PRESOR CENTRAL LACADO NEGRO CON MUELLE,200.0,0.84,0.0,168.0
61,CENTRAL NL,ALMACÉN,200.0,0.84,0.0,168.0
28,13700110,CARRIL GALVA 20X10 2MT,85.0,3.9499,50.0,167.87075
35,00580659,EQUIPO PRUEBA NITRÓGENO 50BAR CPN503A,1.0,349.0,52.12,167.1012
34,6292,SUDADERA CLÁSICA TALLA L NEGRO,10.0,16.27,0.0,162.7
34,6292,SUDADERA CLÁSICA TALLA XL NEGRO,10.0,16.27,0.0,162.7
13,LATERAL NL,PRESOR LATERAL LACADO NEGRO,150.0,1.04,0.0,156.0
13,CRUCETA 25,PERFIL 25X25X2 PARA CRUCETA 1.70M,50.0,3.12,0.0,156.0
61,LATERAL NL,ALMACÉN,150.0,1.04,0.0,156.0
9,10291020,ALMACÉN,40.0,3.85,0.0,154.0
34,6292,"SUDADERA CLÁSICA TALLA XXL NEGRO. SE PIDIERON 9 , VINIVERON 8 Y SE REPUSO LA QUE FALTABA",9.0,16.27,0.0,146.43
38,TF01448,BI NATURA (GRANADA),1.0,140.91,0.0,140.91
8,EM05345,FRANCISCO PORCUNA,1.0,140.0,0.0,140.0
68,140921,ANASTASIO (FUENTE TÓJAR),3.0,46.2,0.0,138.60000000000002
69,140921,ANASTASIO (FUENTE TÓJAR),3.0,46.2,0.0,138.60000000000002
75,SMARTMETER,UNIDAD ESTANCIA DIURNA,1.0,135.0,0.0,135.0
72,0912513085/990,ALMACÉN,150.0,2.0952,58.0,131.99760000000003
75,REV T20825G6,BLINDADO ENCHUFABLE 25 GRIS,228.0,0.57,0.0,129.95999999999998
38,AS03254,BI NATURA (GRANADA),12.0,21.05,50.0,126.3
56,VES 212310,DK6000 U/UTP DCA CU 24AWG LSFH BLA 605M . JUANJO,305.0,0.82,50.0,125.05
Líneas de factura de compra,SRADACCMP6090,FRANCISCO PORCUNA,2.0,242.88,75.0,121.44
50,SCH5006854,"NICOLÁS CONSTRUCTOR -  CALLE PERPETUO SOCORRO, 28",1.0,240.63,50.0,120.315
8,REF_AUTO_2F43B4,"MANGUERA BLANCA H05VV-F 3G2,5 100M CUMPLE CPR",1.0,120.0,0.0,120.0
Líneas de factura de compra2,02779-1.5S,VALVULA TERMOSTATICA ACS NUMERADA,1.0,207.0,43.0,117.99
68,140952,JOSE ANTONO PÉREZ MELENDO,1.0,117.205,0.0,117.205
69,140952,JOSE ANTONO PÉREZ MELENDO,1.0,117.205,0.0,117.205
7,861251,TERMO ELECTRICO DELTA 100V,1.0,251.45,54.0,115.667
64,REF_AUTO_2F43B4,ANASTASIO (FUENTE TÓJAR),12.0,20.75,54.0,114.54
Líneas de factura de compra,FAPM 32/12,JUAN CARLOS MORALES (VALORAR),1.0,184.0,38.0,114.08
68,136447,ANASTSIO ( FUENTE TÓJAR),11.0,10.3224,0.0,113.5464
69,136447,ANASTSIO ( FUENTE TÓJAR),11.0,10.3224,0.0,113.5464
68,140951,JOSE ANTONIO PÉREZ MELENDO,1.0,109.733,0.0,109.733
68,140951,JOSE ANTONIO PÉREZ MELENDO,1.0,109.733,0.0,109.733
69,140951,JOSE ANTONIO PÉREZ MELENDO,1.0,109.733,0.0,109.733
69,140951,JOSE ANTONIO PÉREZ MELENDO,1.0,109.733,0.0,109.733
68,140922,ANASTASIO (FUENTE TÓJAR),2.0,53.9,0.0,107.8
69,140922,ANASTASIO (FUENTE TÓJAR),2.0,53.9,0.0,107.8
68,094221,TERMO ELÉCTRICO 100 LT. 3201345 SIMAT,1.0,107.677,0.0,107.677
69,094221,TERMO ELÉCTRICO 100 LT. 3201345 SIMAT,1.0,107.677,0.0,107.677
27,164328,Mª JOSÉ (GRANADA),1.0,104.8195,0.0,104.8195
45,055840,RECTANGLAR 80X40X2 GALV,1.0,102.0,0.0,102.0
68,140950,JOSE ANTONIO PÉREZ MELENDO,1.0,99.99,0.0,99.99
69,140950,JOSE ANTONIO PÉREZ MELENDO,1.0,99.99,0.0,99.99
44,185174,LINEA DE VIDA HORIZON,1.0,99.5,0.0,99.5
20,6291,"6 BOLÍGRAFOS PILOT, 2 TIPPEX, 1 CAJA DE CLIPS N2, 4 CAJAS DE FOLIOS 500H 80GR",1.0,97.34,0.0,97.34
8,TF01444,FRANCISCO PORCUNA (ARJONA),1.0,95.08,0.0,95.08
Líneas de factura de compra,MULPPT3230004,FRANCISCO PORCUNA (ARJONA),10.0,20.55,54.0,94.53
64,9093,FUENTE TÓJAR,1.0,199.8,54.0,91.908
76,GR-THREE PHASE METER 80A,FRANCISCO ZAPATA,1.0,90.0,0.0,90.0
68,140949,JOSE ANTONIO PÉREZ MELENDO,1.0,87.7943,0.0,87.7943
68,140949,JOSE ANTONIO PÉREZ MELENDO,1.0,87.7943,0.0,87.7943
69,140949,JOSE ANTONIO PÉREZ MELENDO,1.0,87.7943,0.0,87.7943
69,140949,JOSE ANTONIO PÉREZ MELENDO,1.0,87.7943,0.0,87.7943
74,6292,ZAPATOS HECTOR LÓPEZ RAMÍREZ,1.0,85.07,0.0,85.07
68,140926,ANASTASIO (FUENTE TÓJAR),1.0,84.7,0.0,84.7
69,140926,ANASTASIO (FUENTE TÓJAR),1.0,84.7,0.0,84.7
67,MA15773,JAVI C,1.0,129.3,35.0,84.04500000000002
68,140945,RADIADOR EUROPA E800 DE 4 ELEMENTOS FERROLI,2.0,41.9826,0.0,83.9652
69,140945,RADIADOR EUROPA E800 DE 4 ELEMENTOS FERROLI,2.0,41.9826,0.0,83.9652
32,REF_AUTO_2F43B4,ANTONIO AGUAYO (MARTOS),1.0,83.0,0.0,83.0
47,DESFANGADOR-38676,LA YEDRA,1.0,166.0,50.0,83.0
52,9093,JESÚS MORALES BUSTOS. LA YEDRA,1.0,83.0,0.0,83.0
32,REF_AUTO_2F43B4,Mª JOSÉ (GRANADA),0.7,117.9,0.0,82.53
34,6292,"SUDADERA CLASICA TALLA S NEGRO. SE PIDIERON 5, VINIVERON 4 Y SE REPUSO LA QUE FALTABA",5.0,16.27,0.0,81.35
34,6292,SUDADERA CLASICA TALLA M NEGRO,5.0,16.27,0.0,81.35
74,6292,LOGOS ESCUDO BORADAO VITRON ENERGY,40.0,2.0,0.0,80.0
71,AUTOR CONICA/1,ALMACÉN,500.0,0.1588,0.0,79.39999999999999
32,REF_AUTO_2F43B4,Mª JOSÉ (GRANADA),1.0,172.55,54.0,79.373
74,6292,BOTA STEGO ESD S3 SR  NÚMERO 40 - HÉCTOR LÓPEZ,1.0,79.31,0.0,79.31
38,TFO1443,BI NATURA (GRANADA),1.0,77.92,0.0,77.92
68,140948,JOSE ANTONIO PÉREZ MELENDO,1.0,77.77,0.0,77.77
69,140948,JOSE ANTONIO PÉREZ MELENDO,1.0,77.77,0.0,77.77
70,CO14652,TERMOSTATO DIGITAL DE SUPERFICIE MUNDOCONTROL FN-42,1.0,118.0,35.0,76.7
64,MULPTHKC32,FUENTE TÓJAR,15.0,22.23,77.0,76.69349999999999
44,1007068,MINI LINTERNA POCKET 1000,3.0,25.45,0.0,76.35
Líneas de factura de compra,19032005508/1,FRANCISCO PORCUNA (ARJONA),36.0,5.89,64.0,76.33439999999999
8,HF07305,FRANCISCO PORCUNA,1.0,76.31,0.0,76.31
23,DINAK80DP-TUBO-1000,MÓDULO RECTO DINAK DW D 80,4.0,45.4,58.0,76.272
24,DINAK80DP-TUBO-1000,MÓDULO RECTO DINAK DW D 80,4.0,45.4,58.0,76.272
38,AS04023,"ALMUDENA CASADO, JUAN CARLOS MORALES",2.0,63.0,40.0,75.6
70,AS01016,ANASTASIO (FUENTE TÓJAR),1.0,126.0,40.0,75.6
6,CEI 70400020,ALMACÉN (ANTONIO PERETE),1.0,74.7,0.0,74.7
64,REF_AUTO_2F43B4,ROLLO 100 M MULTICAPA 20X2.0 BLANSOL,1.0,161.0,54.0,74.05999999999999
39,6294,"NAVE PRINCIPAL Y CONTIGUA 40, Nº9241 NAVE NUEVA (35)",1.0,74.0,0.0,74.0
47,REF_AUTO_2F43B4,INVERSOR GROWATT MOD6000TL3-X,2.0,73.42,50.0,73.42
38,AS01016,BI NATURA (GRANADA),1.0,122.0,40.0,73.2
34,6292,CHAQUETA SOFTSHELL HORIZON TALLA S NEGRO,3.0,24.3,0.0,72.9
34,6292,CHAQUETA SOFTSHELL HORIZON NGREO TALLA XXXL NEGRO,3.0,24.3,0.0,72.9
6,MIG 820401001009203,AFIRENAS-L HO7Z1-K DE 10 NEGRO BB/CT (ROLLO478984),50.0,1.4237,0.0,71.185
6,MIG 820401001008903,AFIRENAS - L H07Z1-K DE 10 GRIS BB/CT (ROLLO0478985),50.0,1.4237,0.0,71.185
48,14809025,EOSS LUNA-LUMIX BRASERO FUNDICIÓN GRANDE 135X95MM (SML111-02) RESPUESTO EOSS BRASERO 9KW,1.0,100.0,30.0,70.0
6,HIJA20022248-002,MANUEL PORRAS,1.0,70.0,0.0,70.0
22,CABLE KIT,CABLE KIT  (PYLONTECH),5.0,13.95,0.0,69.75
21,6241,PORTES,1.0,69.0,0.0,69.0
62,624,TRANSPORTES,1.0,69.0,0.0,69.0
Líneas de factura de compra,CAJA-4,FRANCISCO PORCUNA,1.0,140.0,51.0,68.6
55,GAE 233.2500.0,MANGUITO FLEXIBLE M-25 -DE PCV-,50.0,1.346,0.0,67.30000000000001
52,535050,VÁLVULA REDUCTORA PRESIÓN 3/4 C/RACORES C/MANOMETRO CALEFFI,1.0,145.8,54.0,67.068
64,535050,VÁLVULA REDUCTORA PRESIÓN 3/4 C/RACORES C/MANOMETRO CALEFFI,1.0,145.8,54.0,67.068
68,140947,JOSE ANTONIO PÉREZ MELENDO,1.0,66.66,0.0,66.66
69,140947,JOSE ANTONIO PÉREZ MELENDO,1.0,66.66,0.0,66.66
25,6241,PORTES,1.0,65.0,0.0,65.0
71,020648/120,ALMACÉN,100.0,0.648,0.0,64.8
27,160456,Mª JOSÉ (GRANADA),10.0,12.88,50.0,64.4
37,6297,MES DE ENERO,1.0,64.28,0.0,64.28
68,140946,JOSE ANTONIO PÉREZ MELENDO,1.0,62.04,0.0,62.04
69,140946,JOSE ANTONIO PÉREZ MELENDO,1.0,62.04,0.0,62.04
57,602,OTROS APROVISIONAMIENTOS,1.0,61.11,0.0,61.11
27,REF_AUTO_2F43B4,Mª JOSÉ(GRANADA),16.0,7.57,50.0,60.56
74,6292,LOGO,30.0,2.0,0.0,60.0
66,6241,PORTES,1.0,59.4,0.0,59.4
34,6292,CAMISETA BUGATTI TALLA M BLANCO/VERDE,10.0,5.74,0.0,57.400000000000006
34,6292,CAMISETA BUGATTI TALLA XXL BLANCO/VERDE,10.0,5.74,0.0,57.400000000000006
9,CABLE KIT,CABLE KIT  (PYLONTECH),4.0,13.95,0.0,55.8
72,08985111,ALMACÉN,12.0,4.64,0.0,55.67999999999999
27,080086,Mª JOSÉ (GRANADA),1.0,92.3,40.0,55.38
68,080086,FUENTE TÓJAR,1.0,92.3,40.0,55.38
69,080086,FUENTE TÓJAR,1.0,92.3,40.0,55.38
32,DMME25V,Mª JOSÉ (GRANADA),1.0,89.0,38.0,55.18
68,153403,JESÚS MORALES,5.0,10.98,0.0,54.900000000000006
69,153403,JESÚS MORALES,5.0,10.98,0.0,54.900000000000006
Líneas de factura de compra,DMME25V,DESFANGADOR MAGNÉTICO DE LATO FILTRO INOX 1',1.0,89.0,40.0,53.4
48,14706035,VENTILADOR TANGENCIAL IZDA (BOCA 300X40MM),1.0,75.0,30.0,52.5
52,MULPTHKC32,JESÚS MORALES BUSTOS - LA YEDRA,10.0,22.23,77.0,51.129
23,DINAK80SP-ABRA-UNION,ABRAZADERA UNIÓN DINAK SW 80 DIAM.,17.0,7.12,58.0,50.83680000000001
24,DINAK80SP-ABRA-UNION,ABRAZADERA UNIÓN DINAK SW 80 DIAM.,17.0,7.12,58.0,50.83680000000001
60,624,TRANSPORTES,1.0,50.0,0.0,50.0
35,00580592-1,RECARGA BOTELLA NITRÓGENO 7L,1.0,49.32,0.0,49.32
52,REF_AUTO_2F43B4,JESÚS MORALES,1.0,79.0,38.0,48.98
34,6292,SUDADERA CLÁSICA TALLA XXXL NEGRO,3.0,16.27,0.0,48.81
32,MULPTHKC32,ANTONIO AGUAYO (MARTOS),10.0,20.58,77.0,47.33399999999999
Líneas de factura de compra,MULPTHKC32,FRANCISCO PORCUNA (ARJONA),10.0,20.58,77.0,47.33399999999999
32,REF_AUTO_2F43B4,DESFANGADOR MAGNÉTICO PLASTICO CON VÁLVULAS FERCO,1.0,76.0,38.0,47.12
73,039F08020SWJ/1,SW PELLETS 316L TUBO 80-1000,3.0,31.4,50.0,47.1
52,6111C1,MEZCLADOR TERMOSTÁTICO 1',1.0,84.0,44.0,47.040000000000006
74,6292,CHALECO NEGRO - XXX,3.0,15.55,0.0,46.650000000000006
68,153376,NICOLÁS,2.0,23.15,0.0,46.3
69,153376,NICOLÁS,2.0,23.15,0.0,46.3
64,DM25VNN,FUENTE TÓJAR,1.0,76.0,40.0,45.6
64,MULPTHKSH3234,FUENTE TÓJAR,8.0,24.72,77.0,45.48479999999999
Líneas de factura de compra,9097,BOMBA SOLAR SLR 25/6-180 II 230 V,1.0,45.0,0.0,45.0
50,SCH5004131,"NICOLÁS CONSTRUCTOR -  CALLE PERPETUO SOCORRO, 28",3.0,29.59,50.0,44.385
7,00205030,VÁLVULA SEGURIDAD 1/2  HH 3 BAR EMMETI,12.0,7.69,52.0,44.2944
47,60325/2,RESISTENCIA ENCENDIDO 260W (2016),1.0,86.8,50.0,43.4
32,REF_AUTO_2F43B4,Mª JOSÉ (GRANADA),1.0,42.7,0.0,42.7
34,6292,LOGO BORDADO PANASONIC EN SUDADERAS,42.0,1.0,0.0,42.0
74,6292,LOGO ESCUDO BORDADO PANASONIC / VITRON ENERGY,14.0,3.0,0.0,42.0
68,140945,JOSE ANTONIO P´REZ MELENDO,1.0,41.9826,0.0,41.9826
69,140945,JOSE ANTONIO P´REZ MELENDO,1.0,41.9826,0.0,41.9826
6,TUP 065200025,TUPERPLAS ENCHUFABLE GRIS 25,57.0,3.16,77.0,41.4276
38,AS06801,BOMBA CONDENSADOS MASTONE,1.0,41.0,0.0,41.0
68,171530,ANASTASIO ( FUENTE TÓJAR),11.0,3.72,0.0,40.92
69,171530,ANASTASIO ( FUENTE TÓJAR),11.0,3.72,0.0,40.92
74,6292,CHALECO SOFTSHELL QUEBEC M NEGRO,3.0,13.46,0.0,40.38
74,6292,CHALECO NEGRO L,3.0,13.46,0.0,40.38
74,6292,CHALECO NEGRO XL,3.0,13.46,0.0,40.38
74,6292,CHALECO NEGRO XXL,3.0,13.46,0.0,40.38
75,MIG 82040101-508208,JAVI C - ALMACÉN,200.0,0.1986,0.0,39.72
75,MIG 82040101-509208,JAVI C - ALMACÉN,200.0,0.1986,0.0,39.72
56,LEG 403630,MANUEL PEINADO,1.0,39.31,0.0,39.31
55,SGF32DC,"PORTAFUSIBLE SECCIONABLE 1P HASTA 35A 1000V DC SIN INDICADOR DE FUSIÓN, MAXGE",24.0,1.628,0.0,39.072
26,TUP 080600025,GRANADA,150.0,0.26,0.0,39.0
52,REF_AUTO_2F43B4,JESÚS MORALES BUSTOS -  LA YEDRA,6.0,14.05,54.0,38.778
64,3038 06,FUENTE TÓJAR,6.0,14.05,54.0,38.778
32,MULPPT3230004,Mª JOSÉ (GRANADA),4.0,20.55,54.0,37.812
52,MULPPT3230004,JESÚS MORALES BUSTOS - LA YEDRA,4.0,20.55,54.0,37.812
64,MULPPT3230004,FUENTE TÓJAR,4.0,20.55,54.0,37.812
47,ACAI-E-BOMB-CONDE-EX,ACADEMIA GUARDIA CIVIL - ÚBEDA,1.0,73.42,50.0,36.71
36,SGIKD10838,CELE,2.85,12.75,0.0,36.3375
12,68867MM,DISPLAY NEGRO DE BOTONES MULTIMARCA,1.0,60.0,40.0,36.0
16,68867MM,DISPLAY NEGRO DE BOTONES MULTIMARCA,1.0,60.0,40.0,36.0
64,MULPTHKRM321,FUENTE TÓJAR,10.0,15.6,77.0,35.879999999999995
14,6291,A4 MONOCROMO Y A4 COLOR,1.0,35.0,0.0,35.0
77,6241,PORTES,1.0,35.0,0.0,35.0
64,MULPTHKRC321,FUENTE TÓJAR,10.0,14.91,77.0,34.293
32,REF_AUTO_2F43B4,Mª JOSÉ (GRANADA),1.0,34.16,0.0,34.16
52,19032005508/1,JESÚS MORALES BUSTOS - LA YEDRA,16.0,5.89,64.0,33.926399999999994
64,19032005508/1,FUENTE TÓJAR,16.0,5.89,64.0,33.926399999999994
68,162550,ALMACÉN,4.0,16.51,50.0,33.02
69,162550,ALMACÉN,4.0,16.51,50.0,33.02
38,AS03251,Mª JOSÉ(GRANADA),6.0,10.95,50.0,32.849999999999994
32,REF_AUTO_2F43B4,ANTONIO AGUAYO (MARTOS),6.0,11.85,54.0,32.706
27,REF_AUTO_2F43B4,VASO DE EXPANSIÓN 8PCS 8 LT,1.0,55.22,41.0,32.579800000000006
38,MT01569,ASPIRADOR DE CENIZAS MT POWER,1.0,32.0,0.0,32.0
64,REF_AUTO_2F43B4,PABLO MARTÍNEZ (CASAS DE JUAN LEÓN),2.0,25.35,38.0,31.434
27,REF_AUTO_2F43B4,Mª JOSÉ (GRANADA),6.0,9.98,48.0,31.137600000000003
27,162557,Mª JOSÉ 8GRANADA),4.0,15.55,50.0,31.1
72,0687440009,ALMACÉN,24.0,1.29,0.0,30.96
68,140919,ANASTASIO (FUENTE TÓJAR),1.0,30.8,0.0,30.8
69,140919,ANASTASIO (FUENTE TÓJAR),1.0,30.8,0.0,30.8
47,VASOACS-18L,LA YEDRA,1.0,61.409,50.0,30.7045
12,60325/2,RESISTENCIA ENCENDIDO 260W (2016),1.0,51.0,40.0,30.6
50,SCH5006005,"NICOLÁS CONSTRUCTOR - CALLE PERPETUO SOCORRO, 28",1.0,60.74,50.0,30.37
34,6271,AYUNTAMIENTO GUADAHORTUNA 1500X750MM,1.0,30.0,0.0,30.0
72,090691062/900,ALMACÉN,300.0,0.0995,0.0,29.85
72,090691062/900,ALMACÉN,300.0,0.0995,0.0,29.85
18,419778AG,SELLADOR MULTICLIMA 750 ML,2.0,14.9,0.0,29.8
31,126524,ASPIRADOR DE CENIZAS 1200W 18 LT,1.0,28.9256,0.0,28.9256
Líneas de factura de compra,MULPPT2525004,FRANCISCO PORCUNA (ARJONA),5.0,12.55,54.0,28.865
72,023298/80,ALMACÉN,300.0,0.096,0.0,28.8
23,DINAK80SP-EMBELLECED,EMBELLECEDOR PLANO 80SW,2.0,34.25,58.0,28.770000000000003
24,DINAK80SP-EMBELLECED,EMBELLECEDOR PLANO 80SW,2.0,34.25,58.0,28.770000000000003
34,6292,CAMISETA BUGATTI TALLA L BLANCO/VERDE,5.0,5.74,0.0,28.700000000000003
71,0214763909/003,ALMACÉN,150.0,0.1913,0.0,28.695
9,CABLE KIT,CABLE KIT  (PYLONTECH),2.0,13.95,0.0,27.9
27,REF_AUTO_2F43B4,Mª JOSÉ (GRANADA),6.0,9.0,50.0,27.0
64,REF_AUTO_2F43B4,CRONOTERMOSTATO RADIO FRECUENCIA FERCO,1.0,43.0,38.0,26.66
32,REF_AUTO_2F43B4,ANTONIO AGUAYO (MARTOS),1.0,57.0,54.0,26.22
72,0972010107,ALMACÉN,4.0,6.55,0.0,26.2
27,REF_AUTO_2F43B4,Mª JOSÉ (GRANADA),10.0,5.2,50.0,26.0
52,REF_AUTO_2F43B4,JESÚS MORALES BUSTOS - LA YEDRA,1.0,56.45,54.0,25.967
57,AS04013,ALMUDENA CASADO,1.0,42.25,40.0,25.35
19,LINK-S GROWATT,GROWATT SHINE LINK-S,10.0,2.433,0.0,24.33
34,6292,PANTALÓN 4 XTREME XXL NEGRO- JESÚS MEDINA,1.0,24.22,0.0,24.22
34,6292,PANTALÓN XXL NEGRO PARA JESÚS MONTILLA,1.0,24.22,0.0,24.22
38,IM14086,BI NATURA (GRANADA),1.0,54.0,55.56,23.9976
64,REF_AUTO_2F43B4,REGULACIÓN CONTROL 1 ZONA FERCO,1.0,40.0,40.0,24.0
32,REF_AUTO_2F43B4,Mª JOSÉ 8GRANADA),16.0,6.35,77.0,23.368
64,REF_AUTO_2F43B4,VALVULA SEG. DUCO 101811 1/2 H-H 8 BAR STM,4.0,9.4,38.0,23.312
64,REF_AUTO_2F43B4,FUENTE TÓJAR,1.0,50.5,54.0,23.23
34,6292,CAMISETA BUGATTI TALLA XL BLANCO/VERDE,4.0,5.74,0.0,22.96
32,REF_AUTO_2F43B4,ANTONIO AGUAYO (MARTOS),1.0,36.8,38.0,22.816
52,GSSV34,JESÚS MORALES BUSTOS - LA YEDRA,1.0,36.8,38.0,22.816
52,MULPTHKSH3234,JESÚS MORALES BUSTOS - LA YEDRA,4.0,24.72,77.0,22.7424
27,REF_AUTO_2F43B4,Mª JOSÉ (GRANADA),1.0,39.81,44.0,22.293600000000005
32,REF_AUTO_2F43B4,ANTONIO AGUAYO (MARTOS),1.0,48.0,54.0,22.08
43,6295,MATERIAL PINTURA REPARACIÓN NAVE 16?,1.0,22.04,0.0,22.04
50,SCH50000793,"NICOLÁS CONSTRUCTOR - CALLE PERPETUO SOCORRO, 28",20.0,2.2,50.0,22.0
72,09740825,ALMACÉN,200.0,0.11,0.0,22.0
50,SCH5006905,"NICOLÁS CONSTRUCTOR - CALLE PERPETUO SOCORRO, 28",1.0,43.79,50.0,21.895
52,MULPTHKRM321,JESÚS MORALES BUSTOS - LA YEDRA,6.0,15.6,77.0,21.528
27,REF_AUTO_2F43B4,Mª JOSÉ (GRANADA),10.0,4.22,50.0,21.1
68,153703,NICO CONSTRUCTOR,10.0,4.22,50.0,21.1
69,153703,NICO CONSTRUCTOR,10.0,4.22,50.0,21.1
32,REF_AUTO_2F43B4,ANTONIO AGUAYO (MARTOS),4.0,22.89,77.0,21.0588
53,DOG917-225,PECO,1.0,31.962,35.0,20.7753
7,GVT-8,VASO DE EXPANSION ACS 8L GUT 3/4',1.0,45.0,54.0,20.7
73,039F08040SWJ/1,SW PELLETS 316L CODO 80-45º,2.0,20.62,50.0,20.62
64,MULPTHK322X2,FUENTE TÓJAR,3.0,29.54,77.0,20.3826
Líneas de factura de compra,MULPTHKMU32,FRANCISCO PORCUNA (ARJONA),6.0,14.6,77.0,20.148
27,REF_AUTO_2F43B4,TIJERA 145 MM ELECTRICISTA 41923 WHA,1.0,20.0,0.0,20.0
32,REF_AUTO_2F43B4,ANTONIO AGUAYO (MARTOS),6.0,14.44,77.0,19.9272
32,REF_AUTO_2F43B4,BARRA 4M MULTICAPA 16X2.0 BLANSOL,8.0,5.4,54.0,19.872
64,MULPTHVABVI2X,VALVULA CORTE VISTA 20 MULTICAPA BLANSOL,3.0,27.82,77.0,19.1958
32,REF_AUTO_2F43B4,ANTONIO AGUAYO (MARTOS),6.0,13.81,77.0,19.0578
32,MULPPT3230004,ANTONIO AGUAYO (MARTOS),2.0,20.55,54.0,18.906
72,0194008070,ALMACÉN,200.0,0.0945,0.0,18.9
68,086893,ALMACÉN,10.0,3.95,53.0,18.565
69,086893,ALMACÉN,10.0,3.95,53.0,18.565
52,MULPTB2020025,PABLO MARTÍNEZ,1.0,40.25,54.0,18.515
30,602,ROLLO Y TUBO CRISTAL,1.0,18.25,0.0,18.25
8,REF_AUTO_2F43B4,JUEGO SOPORTES ECO LONG.500 GRANDE,2.0,8.8,0.0,17.6
72,0985600990,ALMACÉN,10.0,1.75,0.0,17.5
47,REF_AUTO_2F43B4,LA YEDRA,6.0,6.32,55.0,17.064
32,MULPPT2020004,Mª JOSÉ (GRANADA),5.0,7.4,54.0,17.02
72,04118/30/900,ALMACÉN,400.0,0.0425,0.0,17.0
32,19032005508/1,ANTONIO AGUAYO (MARTOS),8.0,5.89,64.0,16.963199999999997
Líneas de factura de compra,MULPTHKRC251,FRANCISCO PORCUNA (ARJONA),6.0,12.29,77.0,16.960199999999997
27,163469,Mª JOSÉ (GRANADA),2.0,16.9,50.0,16.9
73,039F081515W,SW PELLETS 316L DEFLECTOR H80,1.0,33.3,50.0,16.65
8,AS01058,JUEGO SOPORTES ECO LONG.450 MEDIANO,2.0,8.3,0.0,16.6
64,MULPTHKC2X,CODO 20 MULTICAPA,10.0,3.3,50.0,16.5
68,088479,ANASTASIO  (FUENTE TÓJAR),13.0,1.2651,0.0,16.446299999999997
69,088479,ANASTASIO  (FUENTE TÓJAR),13.0,1.2651,0.0,16.446299999999997
Líneas de factura de compra,19025005508,FRANCISCO PORCUNA (ARJONA),10.0,4.57,64.0,16.452
28,1022100,RETIRADO EN ALMACÉN,2.0,16.43,50.0,16.43
27,REF_AUTO_2F43B4,Mª JOSÉ (GRANADA),10.0,3.27,50.0,16.35
64,REF_AUTO_2F43B4,ANASTASIO,15.0,2.16,50.0,16.200000000000003
64,3004E,ANASTASIO,25.0,1.4,54.0,16.099999999999998
36,MA 0330X30,CELE,1.0,26.6,40.0,15.96
36,MA 0330X30,OSCAR TORREDONJIMENO,1.0,26.6,40.0,15.96
47,REF_AUTO_2F43B4,LA YEDRA,6.0,5.89,55.0,15.902999999999995
64,R437NX041,PABLO MARTÍNEZ (CASAS DE JUAN LEÓN),1.0,25.35,38.0,15.717
27,136892,Mª JOSÉ (GRANADA),2.0,12.9,40.0,15.48
50,$0956RT,"NICOLÁS CONSTRUCTOR - CALLE PERPETUO SOCORRO, 28",10.0,3.06,50.0,15.3
47,CALETERMOMETRO-INMER,LA YEDRA,2.0,15.219,50.0,15.219
68,109915,ANALIZADOR DUREZA 307601 ATH,1.0,28.1,46.0,15.174
69,109915,ANALIZADOR DUREZA 307601 ATH,1.0,28.1,46.0,15.174
27,164355,Mª JOSÉ (GRANADA),1.0,14.8933,0.0,14.8933
53,DOG205-180C,PITU,1.0,22.78,35.0,14.807
52,8032 120,JESÚS MORALES BUSTOS - LA YEDRA,2.0,15.8,54.0,14.536
64,REF_AUTO_2F43B4,FILTRO 3 PIEZAS COMPLETO,1.0,31.5,54.0,14.489999999999998
65,6241,PORTES,1.0,14.48,0.0,14.48
32,REF_AUTO_2F43B4,ANTONIO AGUAYO (MARTOS),2.0,15.65,54.0,14.398
64,REF_AUTO_2F43B4,ANODO 22X300 M8,4.0,7.8,54.0,14.352
64,153603,FUENTE TÓJAR,4.0,7.7,54.0,14.168
64,763604,FUENTE TÓJAR,4.0,7.7,54.0,14.168
9,CABLE KIT,CABLE KIT  (PYLONTECH),1.0,13.95,0.0,13.95
68,192713,PRO SDS PLUS-5X 14X400X460,1.0,25.74,46.0,13.8996
69,192713,PRO SDS PLUS-5X 14X400X460,1.0,25.74,46.0,13.8996
52,MULPTHKRC321,JESÚS MORALES BUSTOS - LA YEDRA,4.0,14.91,77.0,13.717199999999998
52,REF_AUTO_2F43B4,JESÚS MORALES BUSTOS - LA YEDRA,2.0,29.54,77.0,13.588399999999998
35,00580210,ACOPLAM.AD87 1/2*-20HX1/4*M(AS-04X05),1.0,28.0,52.12,13.4064
27,REF_AUTO_2F43B4,ABRAZADERA COBRE 22 RD GEBO,2.0,11.9,44.0,13.328
28,1018100,RETIRADO EN ALMACÉN,2.0,13.32,50.0,13.32
Líneas de factura de compra,MULPTHKT32252,FRANCISCO PORCUNA (ARJONA),2.0,28.61,77.0,13.1606
Líneas de factura de compra,19025005508,FRANCISCO PORCUNA,8.0,4.57,64.0,13.1616
32,MULPTHKT32255,TE REDUCIDA 32X25X25XMULTICAPA BLANSOL,2.0,27.93,77.0,12.8478
Líneas de factura de compra,MULPTHKT32255,FANCISCO PORCUNA (ARJONA),2.0,27.93,77.0,12.8478
27,REF_AUTO_2F43B4,Mª JOSÉ (GRANADA),8.0,1.605,0.0,12.84
64,MULPTHVABVI2X,FUENTE TÓJAR,2.0,27.82,77.0,12.797199999999998
68,083416,CURVA 90º HH 18 PRESS INOX,4.0,8.39,62.0,12.7528
69,083416,CURVA 90º HH 18 PRESS INOX,4.0,8.39,62.0,12.7528
68,083651,M.L TUBO A. INOX. 18'0.7 AISI 316,5.0,2.52,0.0,12.6
69,083651,M.L TUBO A. INOX. 18'0.7 AISI 316,5.0,2.52,0.0,12.6
47,REF_AUTO_2F43B4,LA YEDRA,2.0,12.57,50.0,12.57
75,TUP 07600020,JAVI C,100.0,0.125,0.0,12.5
32,REF_AUTO_2F43B4,Mª JOSÉ (GRANADA),3.0,4.1,0.0,12.3
64,REF_AUTO_2F43B4,ANASTASIO (FUENTE TÓJAR),1.0,26.7,54.0,12.281999999999998
47,ACAI-TUBO6X9,ACADEMIA GUADIA CIVIL - ÚBEDA,25.0,0.96,50.0,12.0
72,REF_AUTO_2F43B4,ALMACÉN,1.0,11.87,0.0,11.87
32,MULPTHVABVI2X,VALVULA CORTE VISTA 20 MULTICAPA BLANSOL,2.0,25.76,77.0,11.8496
47,REF_AUTO_2F43B4,LA YEDRA,10.0,2.35,50.0,11.75
52,MULPTHKC2X,JESÚS MORALES BUSTOS - LA YEDRA,6.0,8.45,77.0,11.660999999999998
68,076420,VÁLVULA ESFERA PN-25 M-H 1/2 PALO 160743C CABEL,5.0,2.327,0.0,11.635
69,076420,VÁLVULA ESFERA PN-25 M-H 1/2 PALO 160743C CABEL,5.0,2.327,0.0,11.635
27,073474,Mª JOSÉ (GRANADA),2.0,9.54,40.0,11.448
32,REF_AUTO_2F43B4,Mª JOSÉ (GRANADA),3.0,8.25,54.0,11.385
27,REF_AUTO_2F43B4,KIT REPARACIÓN CHIMENEAS D.8 50246 FLOWER,1.0,14.07,20.0,11.256
64,REF_AUTO_2F43B4,PABLO MARTÍNEZ (CASAS DE JUAN LEÓN),4.0,4.45,38.0,11.036
64,REF_AUTO_2F43B4,ENLACE ROSCA HEMBRA 20X3/4 MULTICAPA BLANSOL,6.0,7.88,77.0,10.8744
32,REF_AUTO_2F43B4,Mª JOSÉ (GRANADA),1.0,23.4,54.0,10.764
28,TCDMH50100,RETIRADO EN TIENDA,1.0,21.41,50.0,10.705
27,REF_AUTO_2F43B4,ABRAZADERA DOBLE COBRE 18-20,2.0,9.55,44.0,10.696000000000002
32,REF_AUTO_2F43B4,ANTONIO AGUAYO (MARTOS),4.0,5.75,54.0,10.579999999999998
52,3031,JESÚS MORALES BUSTOS -  LA YEDRA,4.0,5.75,54.0,10.579999999999998
52,3545E,JESÚS MORALES BUSTOS - LA YEDRA,4.0,5.75,54.0,10.579999999999998
64,3545E,FUENTE TÓJAR,4.0,5.75,54.0,10.579999999999998
64,3031,FUENTE TÓJAR,4.0,5.75,54.0,10.579999999999998
51,199-338023,JAVI GALERA,1.0,15.0,30.0,10.5
7,7109,CONEXIÓN GIGAN H 1/2 X 400 MM,2.0,13.11,60.0,10.488
32,REF_AUTO_2F43B4,Mª JOSÉ (GRANADA),1.0,22.35,54.0,10.281
52,2055959,NICOLÁS. CALLE PERPETUO SOCORRO,1.0,22.35,54.0,10.281
64,2055959,FUENTE TÓJAR,1.0,22.35,54.0,10.281
64,2055959,HILO TEFLÓN TANGIT UNILOCK,1.0,22.35,54.0,10.281
76,212184,FRNCISCO ZAPATA,1.0,12.73,20.0,10.184
27,REF_AUTO_2F43B4,Mª JOSÉ (GRANADA),4.0,4.2946,41.0,10.135256000000002
68,108839,MANDO PALANCA VÁLVULA PRESS CABEL,3.0,6.5,48.0,10.14
69,108839,MANDO PALANCA VÁLVULA PRESS CABEL,3.0,6.5,48.0,10.14
32,REF_AUTO_2F43B4,ANTONIO AGUAYO (MARTOS),4.0,5.45,54.0,10.028
27,REF_AUTO_2F43B4,FLEXÓMETRO BIMATERIA TYLON 8*25 0-30-657 STANLEY,1.0,12.75,22.0,9.945
27,REF_AUTO_2F43B4,Mª JOSÉ (GRANADA),1.0,19.73,50.0,9.865
52,763603,JESÚS MORALES BUSTOS- LA YEDRA,4.0,5.35,54.0,9.844
68,031425,ANASTASIO ( FUENTE TÓJAR),20.0,0.6296,22.0,9.82176
69,031425,ANASTASIO ( FUENTE TÓJAR),20.0,0.6296,22.0,9.82176
27,REF_AUTO_2F43B4,Mª JOSÉ 8GRANADA),2.0,9.3522,48.0,9.726288
64,3005,FUENTE TÓJAR,10.0,2.1,54.0,9.66
67,070248,VARILLA ROSCADA DIN-975 M-8 8.8,5.0,2.95,35.0,9.5875
27,REF_AUTO_2F43B4,Mª JOSÉ 8GRANADA),4.0,4.78,50.0,9.56
68,192708,PEO SDS PLUS-5X 12X400X460,1.0,17.71,46.0,9.5634
69,192708,PEO SDS PLUS-5X 12X400X460,1.0,17.71,46.0,9.5634
56,CEI 46016000,GEL LUBRICANTE DUPLOGEL INTRODUCIR1000 . JUANJO,1.0,9.45,0.0,9.45
8,AS04293,FRANCISCO POCRUNA (ARJONA),1.0,14.54,35.0,9.451
32,09020005508,Mª JOSÉ (GRANADA),20.0,1.31,64.0,9.432
47,REF_AUTO_2F43B4,LA YEDRA,4.0,5.19,55.0,9.342
26,CEI 46016000,JAVI C,1.0,9.1,0.0,9.1
47,ACAI-C-CORTA-3X28,ACADEMIA GUARDIA CIVIL - ÚBEDA,1.0,18.16,50.0,9.08
32,REF_AUTO_2F43B4,ANTONIO AGUAYO (MARTOS),1.0,19.7,54.0,9.062
52,8034 120,JESÚS MORALES BUSTOS - LA YEDRA,1.0,19.7,54.0,9.062
27,083518,COLEGIO MENGÍBAR,2.0,11.89,62.0,9.0364
48,624,TRANSPORTES,1.0,9.0,0.0,9.0
51,624,TRANSPORTES,1.0,9.0,0.0,9.0
52,REF_AUTO_2F43B4,JESÚS MORALES BUSTOS - LA YEDRA,2.0,9.75,54.0,8.969999999999999
64,45020,KIT ENLACE ROSCA MACHO 20 1/2 PE LT,5.0,3.9,54.0,8.969999999999999
26,HTI 006164,JAVI C,1.0,8.9,0.0,8.9
68,133505,ALMACÉN,1.0,16.122,45.0,8.8671
69,133505,ALMACÉN,1.0,16.122,45.0,8.8671
27,REF_AUTO_2F43B4,Mª JOSÉ (GRANADA),4.0,2.8191,22.0,8.795592000000001
Líneas de factura de compra2,2025092,HILO TEFLON TANGIT UNILOCK 160M,1.0,8.8,0.0,8.8
27,REF_AUTO_2F43B4,Mª JOSÉ (GRANADA),4.0,7.1227,70.0,8.547240000000002
64,MULPPT2020004,FUENTE TÓJAR,2.0,9.2,54.0,8.463999999999999
47,REF_AUTO_2F43B4,LA YEDRA,10.0,1.68,50.0,8.4
27,083510,COLEGIO MENGÍBAR,2.0,10.87,62.0,8.261199999999999
68,083510,UNIÓN MACHO 18*1/2 PRESS INOX,2.0,10.87,62.0,8.261199999999999
69,083510,UNIÓN MACHO 18*1/2 PRESS INOX,2.0,10.87,62.0,8.261199999999999
36,100202/1,CELE,2.0,6.81,40.0,8.171999999999999
64,MULPTHKRM2X34,FUENTE TÓJAR,4.0,8.85,77.0,8.142
68,125694,ALMACÉN,4.0,2.6,22.0,8.112
69,125694,ALMACÉN,4.0,2.6,22.0,8.112
32,REF_AUTO_2F43B4,ANTONIO AGUAYO (MARTOS),2.0,17.54,77.0,8.068399999999999
47,REF_AUTO_2F43B4,LA YEDRA,4.0,4.46,55.0,8.027999999999999
27,REF_AUTO_2F43B4,REJILLA SIMPLE DEFL. HORIZONTAL 400*150,1.0,11.2,30.0,7.839999999999999
64,GA7GUTIL,JOSE ANTONIO PÉREZ MELENDO,100.0,0.17,54.0,7.819999999999999
72,01865/50/900,ALMACÉN,200.0,0.039,0.0,7.8
52,MULPTHKC2X,NICOLÁS. CALLE PERPETUO SOCORRO,4.0,8.45,77.0,7.773999999999999
64,REF_AUTO_2F43B4,KIT TE R/H 20-1/2-20 PE L T,2.0,6.56,41.0,7.740800000000001
32,REF_AUTO_2F43B4,ENLACE ROSCA MACHO 25X3/4 MULTICAPA,4.0,8.35,77.0,7.681999999999999
64,REF_AUTO_2F43B4,FUENTE TÓJAR,5.0,3.3,54.0,7.59
68,042621,RACORD MARSELLA RED 1/2M-3/4H LATÓN 353223,10.0,0.9726,22.0,7.586280000000001
69,042621,RACORD MARSELLA RED 1/2M-3/4H LATÓN 353223,10.0,0.9726,22.0,7.586280000000001
32,REF_AUTO_2F43B4,Mª JOSÉ (GRANADA),4.0,7.82,77.0,7.1944
32,REF_AUTO_2F43B4,ANTONIO AGUAYO (MARTOS),2.0,7.75,54.0,7.129999999999999
32,REF_AUTO_2F43B4,Mª JOSÉ (GRANADA),2.0,7.7,54.0,7.084
32,153603,Mª JOSÉ 8GRANADA),2.0,7.7,54.0,7.084
7,153603,VALVULA ESFERA C. BOLA 1/2 M-H MARIPOSA NILE VA25,2.0,7.7,54.0,7.084
16,6241,PORTES,1.0,7.0,0.0,7.0
Líneas de factura de compra3,624,TRANSPORTES,1.0,7.0,0.0,7.0
27,REF_AUTO_2F43B4,Mª JOSÉ (GRANADA),3.0,2.327,0.0,6.981
47,REF_AUTO_2F43B4,LA YEDRA,1.0,13.87,50.0,6.935
32,REF_AUTO_2F43B4,ALARG HEX 1/2 X 2 CM LATON,10.0,1.5,54.0,6.9
64,3045,FUENTE TÓJAR,10.0,1.5,54.0,6.9
68,090771,ALMACÉN,1.0,10.62,35.0,6.903
69,090771,ALMACÉN,1.0,10.62,35.0,6.903
18,6241,PORTES,1.0,6.75,0.0,6.75
Líneas de factura de compra,R714X032,FRANCISCO AVENIDA ANDALUCÍA,1.0,10.85,38.0,6.726999999999999
Líneas de factura de compra,09025005508,FRANCISCO PORCUNA,12.0,1.55,64.0,6.696000000000001
32,MULPTHKRC2X34,Mª JOSÉ GRANADA,4.0,7.09,77.0,6.522799999999999
47,56100565,LA YEDRA,20.0,0.65,50.0,6.5
64,REF_AUTO_2F43B4,KIT CODO R/M 20-1/2 PE LT,2.0,5.3,41.0,6.254
26,HIT 006110,GRANADA,1.0,6.2,0.0,6.2
64,REF_AUTO_2F43B4,FUENTE TÓJAR,4.0,6.18,75.0,6.18
28,0209022CU,RETIRADO EN TIENDA,10.0,1.22,50.0,6.1
32,REF_AUTO_2F43B4,CODO 25 MULTICAPA BLANSOL,2.0,13.02,77.0,5.989199999999999
47,METATEH-2012,LA YEDRA,2.0,6.64,55.0,5.975999999999999
68,050914,TÉ PARA HIERRO HHH 1/2 LATÓN 321022,5.0,1.5341,22.0,5.982990000000001
69,050914,TÉ PARA HIERRO HHH 1/2 LATÓN 321022,5.0,1.5341,22.0,5.982990000000001
68,092430,ALMACÉN,1.0,7.6,22.0,5.928
69,092430,ALMACÉN,1.0,7.6,22.0,5.928
32,REF_AUTO_2F43B4,ANTONIO AGUAYO (MARTOS),1.0,25.76,77.0,5.9248
68,063936,ANASTASIO (FUENTE TÓJAR),1.0,9.8,40.0,5.88
69,063936,ANASTASIO (FUENTE TÓJAR),1.0,9.8,40.0,5.88
47,REF_AUTO_2F43B4,LA YEDRA,6.0,2.17,55.0,5.858999999999999
53,071744,PECO,5.0,1.8,35.0,5.8500000000000005
64,REF_AUTO_2F43B4,ANASTASIO,1.0,12.7,54.0,5.842
64,REF_AUTO_2F43B4,SACO DE SAL DESCALCIFICADOR,1.0,5.7851,0.0,5.7851
47,40003500,LA YEDRA,2.0,5.78,50.0,5.78
26,LEG 403588,GRANADA,1.0,5.76,0.0,5.76
52,MULPTHKRC2X12,PABLO MARTÍNEZ,4.0,6.24,77.0,5.7408
64,MULPTHKRC2X12,FUENTE TÓJAR,4.0,6.24,77.0,5.7408
64,REF_AUTO_2F43B4,TE 20 MULTICAPA,2.0,12.3,77.0,5.658
27,111798,COLEGIO MENGÍBAR,4.0,3.17,56.0,5.579199999999999
64,R179MX020,PABLO MARTÍNEZ (CASAS JUAN LEÓN),2.0,4.45,38.0,5.518
32,MULPTHKRC2X12,Mª JOSÉ (GRANADA),4.0,5.78,77.0,5.3176
32,MULPTHKRC2X12,Mª JOSÉ (GRANADA),4.0,5.78,77.0,5.3176
68,176854,JESÚS MORALES,1.0,5.3,0.0,5.3
69,176854,JESÚS MORALES,1.0,5.3,0.0,5.3
52,MULPTHKRC2X34,JESÚS MORALES BUSTOS - LA YEDRA,3.0,7.66,77.0,5.2854
Líneas de factura de compra,03254,COLEGIO MENGÍBAR,4.0,2.85,54.0,5.244
8,AS02212,BOLSA BÁSICA AMORTIGUACIÓN TIPO B4 CON 4 ANTIVIBRADORES,4.0,1.3,0.0,5.2
52,EHCUCO1812,PABLO MARTÍNEZ,4.0,2.59,50.0,5.18
27,REF_AUTO_2F43B4,Mª JOSÉ (GRANADA),2.0,5.16,50.0,5.16
68,164261,NICO CONSTRUCTOR,2.0,4.75,46.0,5.130000000000001
69,164261,NICO CONSTRUCTOR,2.0,4.75,46.0,5.130000000000001
47,ACAICANAL-CA1610,ACADEMIA GUARDIA CIVIL - ÚBEDA,8.0,1.27,50.0,5.08
8,AS04243,FRANCISCO PORCUNA (ARJONA),4.0,1.93,35.0,5.018
32,REF_AUTO_2F43B4,ANTONIO AGUAYO (MARTOS),2.0,5.35,54.0,4.922
28,0335945,RETIRADO EN TIENDA,4.0,2.45,50.0,4.9
47,REF_AUTO_2F43B4,LA YEDRA,1.0,9.8,50.0,4.9
64,REF_AUTO_2F43B4,ANASTASIO (FUENTE TÓJAR),1.0,8.43,42.0,4.8894
46,6241,PORTES,1.0,4.75,0.0,4.75
67,427.521.106,JAVI C,1.0,7.29,35.0,4.7385
28,0209018,RETIRADO EN TIENDA,10.0,0.94,50.0,4.699999999999999
47,RALAMACHONM - M-25,LA YEDRA,5.0,1.87,50.0,4.675000000000001
27,REF_AUTO_2F43B4,Mª JOSÉ (GRANADA),1.0,7.15,35.0,4.6475
27,063934,PURGADOR COLUMNA 1/2 S/SUP GREEN CALOR,1.0,7.15,35.0,4.6475
32,3543 R,Mª JOSÉ (GRANADA),3.0,3.35,54.0,4.623
32,REF_AUTO_2F43B4,Mª JOSÉ (GRANADA),4.0,4.57,75.0,4.57
47,RALAMARSEM-R-40-32,LA YEDRA,2.0,4.56,50.0,4.56
32,3544,Mª JOSÉ (GRANADA),3.0,3.3,54.0,4.553999999999999
64,REF_AUTO_2F43B4,ANASTASIO,0.75,13.0,54.0,4.484999999999999
38,AS03259,BI NATURA (GRANADA),1.0,8.76,50.0,4.38
32,3403E,Mª JOSÉ (GRANADA),9.0,1.05,54.0,4.347
64,MULPTHKRC2X12,ENLACE ROSCA MACHO 20X1/2 MULTICAPA,3.0,6.24,77.0,4.305599999999999
68,125694,ANASTASIO,2.0,2.65,22.0,4.134
69,125694,ANASTASIO,2.0,2.65,22.0,4.134
27,REF_AUTO_2F43B4,COQUILLA 9*18 GRIS 090182155PE0N0 PE K-FLEX,10.0,0.99,59.0,4.059
32,REF_AUTO_2F43B4,ANTONIO AGUAYO (MARTOS),1.0,8.8,54.0,4.048
52,70037/04/02,JESÚS MORALES BUSTOS - LA YEDRA,1.0,8.8,54.0,4.048
58,624,TRANSPORTES,1.0,4.0,0.0,4.0
38,AS03269,BI NATURA (GRANADA),1.0,7.94,50.0,3.97
32,REF_AUTO_2F43B4,Mª JOSÉ (GRANADA),2.0,4.13,52.0,3.9648
68,090786,ALMACÉN,8.0,0.493,0.0,3.944
69,090786,ALMACÉN,8.0,0.493,0.0,3.944
32,REF_AUTO_2F43B4,Mª JOSÉ (GRANADA),2.0,8.19,77.0,3.7674
64,3027E,MACHÓNN RED 1-3/4 LATÓN,3.0,2.7,54.0,3.726
68,050926,MANGUITO PARA HIERRO 1/2 LATÓN 341022,5.0,0.9443,22.0,3.68277
69,050926,MANGUITO PARA HIERRO 1/2 LATÓN 341022,5.0,0.9443,22.0,3.68277
27,602,OTROS APROVISIONAMIENTOS,1.0,3.63,0.0,3.63
8,AS04051,CODO DESAGUE JUNTA Y 2 TAPONES DIAM.19,1.0,5.56,35.0,3.614
32,153603,Mª JOSÉ (GRANADA),1.0,7.7,54.0,3.542
68,063923,ANASTASIO,24.0,0.24,40.0,3.456
69,063923,ANASTASIO,24.0,0.24,40.0,3.456
32,REF_AUTO_2F43B4,Mª JOSÉ (GRANADA),15.0,0.5,54.0,3.45
52,3406,JESÚS MORALES BUSTOS -  LA YEDRA,2.0,3.75,54.0,3.45
64,3225E,FUENTE TÓJAR,6.0,1.25,54.0,3.45
32,3503E,Mª JOSÉ (GRANADA),2.0,3.7,54.0,3.404
32,3503E,Mª JOSÉ (GRANADA),2.0,3.7,54.0,3.404
52,MULPPT2020004,JESÚS MORALES BUSTOS - LA YEDRA,1.0,7.4,54.0,3.404
52,REF_AUTO_2F43B4,JESÚS MORALES BUSTOS - LA YEDRA,1.0,5.62,41.0,3.3158000000000003
8,AS04055,CODO DESAGUE D.32 Y 2 TAPONES,1.0,5.1,35.0,3.315
Líneas de factura de compra,10541013,ACADEMIA GUARDIA CIVIL BAEZA,1.0,6.6,50.0,3.3
32,REF_AUTO_2F43B4,CODO TERMINAL ROSCA HEMBRA 20X1/2 MULTICCAPA BLANSOL,2.0,7.09,77.0,3.2614
Líneas de factura de compra,10540033,ACADEMIA GUARDIA CIVIL BAEZA,1.0,6.4,50.0,3.2
68,153555,NICO CONSTRUCTOR,2.0,3.16,50.0,3.16
69,153555,NICO CONSTRUCTOR,2.0,3.16,50.0,3.16
32,3543 R,CODO LATON M-H 1/2,2.0,3.35,54.0,3.082
64,REF_AUTO_2F43B4,KIT CODO IGUAL 20-20 PE LT,1.0,6.55,54.0,3.013
52,MULPTHKMU2X,NICOLÁS. CALLE PERPETUO SOCORRO,2.0,6.52,77.0,2.9992
47,LATISUPERH-H3/4X40,LA YEDRA,1.0,5.96,50.0,2.98
32,REF_AUTO_2F43B4,JAEN CLIMA,2.0,6.25,77.0,2.875
52,MULPTHKRH2X12,NICOLÁS. CALLE PERPETUO SOCORRO,2.0,6.24,77.0,2.8704
68,000621,ALMACÉN,1.0,4.3878,35.0,2.8520700000000003
69,000621,ALMACÉN,1.0,4.3878,35.0,2.8520700000000003
32,EMCUCO1812,Mª JOSÉ (GRANADA),2.0,2.83,50.0,2.83
27,REF_AUTO_2F43B4,Mª JOSÉ (GRANADA),1.0,9.3181,70.0,2.79543
27,REF_AUTO_2F43B4,COQUILLA 9*22 GRIS PE 10022EK55PE K-FLEX,6.0,1.13,59.0,2.7798
64,REF_AUTO_2F43B4,ANASTASIO (FUENTE TÓJAR),4.0,1.5,54.0,2.76
38,EM09000,BASE SUPERFICIE PORCELANA TT 16A-250V,1.0,4.1,35.0,2.665
68,064310,JESÚS MORALES,2.0,1.3243,0.0,2.6486
68,042636,REDUCCIÓN EX.VAL. 3/4*1/2 LATÓN 392322,5.0,0.6784,22.0,2.64576
69,064310,JESÚS MORALES,2.0,1.3243,0.0,2.6486
69,042636,REDUCCIÓN EX.VAL. 3/4*1/2 LATÓN 392322,5.0,0.6784,22.0,2.64576
52,REF_AUTO_2F43B4,JESÚS MORALES BUSTOS - LA YEDRA,10.0,0.55,54.0,2.53
32,REF_AUTO_2F43B4,Mª JOSÉ (GRANADA),2.0,2.61,52.0,2.5056
75,UNX 2233-0,ALMACÉN,100.0,0.043,42.0,2.494
68,031425,MANGUITO 243 G CU 15*1/2' METALES 211215,5.0,0.6296,22.0,2.4554400000000003
69,031425,MANGUITO 243 G CU 15*1/2' METALES 211215,5.0,0.6296,22.0,2.4554400000000003
28,0335945,RETIRADO TIENDA,2.0,2.45,50.0,2.45
32,REF_AUTO_2F43B4,Mª JOSÉ (GRANADA),2.0,5.04,77.0,2.3184
68,135460,ALMACÉN,1.0,2.98,22.0,2.3244
69,135460,ALMACÉN,1.0,2.98,22.0,2.3244
52,REF_AUTO_2F43B4,JESÚS MORALES BUSTOS - LA YEDRA,4.0,1.25,54.0,2.3
64,REF_AUTO_2F43B4,ANASTASIO (FUENTE TÓJAR),2.0,2.5,54.0,2.3
32,REF_AUTO_2F43B4,ALARGADERA HEX RED H 1 1/4 M 1 LATÓN,1.0,4.95,54.0,2.277
52,3820 010,MANÓMETRO RADIAL D.53 0-10B,1.0,4.85,54.0,2.231
64,3820 010,MANÓMETRO RADIAL D.53 0-10B,1.0,4.8,54.0,2.208
Líneas de factura de compra,3027E,MACHÓNN RED 1-3/4 LATÓN,2.0,2.4,54.0,2.208
36,MA.203300,OSCAR TORREDONJIMENO,4.0,0.91,40.0,2.184
28,0335935,RETIRADO EN TIENDA,2.0,2.17,50.0,2.17
27,REF_AUTO_2F43B4,Mª JOSÉ (GRANADA),1.0,4.05,50.0,2.025
68,050915,ANASTASIO (FUENTE TÓJAR),1.0,2.5774,22.0,2.010372
69,050915,ANASTASIO (FUENTE TÓJAR),1.0,2.5774,22.0,2.010372
68,022052,NICOLÁS,5.0,0.3941,0.0,1.9705
69,022052,NICOLÁS,5.0,0.3941,0.0,1.9705
32,3005,Mª JOSÉ (GRANADA),2.0,2.1,54.0,1.932
32,3004E,Mª JOSÉ (GRANADA),3.0,1.4,54.0,1.9319999999999995
32,3004E,ANTONIO AGUAYO (MARTOS),3.0,1.4,54.0,1.9319999999999995
32,REF_AUTO_2F43B4,ANTONIO AGUAYO (MARTOS),2.0,2.1,54.0,1.932
52,3403E,JESÚS MORALES BUSTOS - LA YEDRA,4.0,1.05,54.0,1.932
52,3005,JESÚS MORALES BUSTOS - LA YEDRA,2.0,2.1,54.0,1.932
38,AS02213,BI NATURA (GRANADA),1.0,3.6,47.22,1.90008
70,AS02213,NASTASIO (FUNTE TÓJAR),1.0,1.9,0.0,1.9
27,602,MARCOS MONTAJE,1.0,1.84,0.0,1.84
Líneas de factura de compra,3042C,FRANCISCO AVENIDA ANDALUCIA,4.0,1.0,54.0,1.84
28,0335816,RETIRADO EN TIENDA,2.0,1.8195,50.0,1.8195
28,0335934,RETIRADO EN TIENDA,2.0,1.81,50.0,1.81
52,3227,NICOLÁS. CALLE PERPETUO SOCORRO,2.0,1.95,54.0,1.7939999999999998
64,REF_AUTO_2F43B4,ANASTASIO (FUENTE TÓJAR),1.0,3.9,54.0,1.7939999999999998
64,MULPTHKRC2X34,FUENTE TÓJAR,1.0,7.66,77.0,1.7617999999999998
64,45020,ANASTASIO (FUENTE TÓJAR),1.0,3.8,54.0,1.7479999999999998
32,REF_AUTO_2F43B4,TAPÓN R MAC LATÓN 1.1/4 S/C,1.0,3.75,54.0,1.725
5,624,TRANSPORTES,1.0,1.68,0.0,1.68
68,080561,ANASTASIO (FUENTE tÓJAR),2.0,1.0561,22.0,1.6475160000000002
69,080561,ANASTASIO (FUENTE tÓJAR),2.0,1.0561,22.0,1.6475160000000002
28,2006240,GOMA DESAGÜE LAVADORA 2 MTS,1.0,3.24,50.0,1.62
11,624,TRANSPORTES,1.0,1.58,0.0,1.58
8,AS04224,FRANCISCO POCRUNA (ARJONA),1.0,2.03,35.0,1.3195
7,3004E,MACHON DOBLE 1/2 LATON,2.0,1.4,54.0,1.2879999999999998
18,333661AG,BROCHA BASIC Nº20,1.0,1.96,40.0,1.176
68,125251,ALMACÉN,1.0,1.4917,22.0,1.163526
69,125251,ALMACÉN,1.0,1.4917,22.0,1.163526
32,REF_AUTO_2F43B4,Mª JOSÉ (GRANADA),2.0,1.15,54.0,1.0579999999999998
64,REF_AUTO_2F43B4,ANASTASIO (FUENTE TÓJAR),2.0,1.15,54.0,1.0579999999999998
32,3403E,Mª JOSÉ (GRANADA),2.0,1.05,54.0,0.966
Líneas de factura de compra,06593,ACADEMIA GUARDIA CIVIL,5.0,0.4,54.0,0.92
Líneas de factura de compra,06593,ACADEMIA GUARDIA CIVIL BAEZA,5.0,0.4,54.0,0.92
Líneas de factura de compra,06507,ACEDEMIA GUARDIA CIVIL BAEZA,5.0,0.4,54.0,0.92
8,AS04223,FRANCISCO PORCUNA (ARJONA),1.0,1.4,35.0,0.91
Líneas de factura de compra,1102000000,JUNTA DE GOMA 2',4.0,0.48,54.0,0.8831999999999999
75,SOL 6625,JAVI C,5.0,0.17,0.0,0.8500000000000001
8,AS04222,FRANCISCO PORCUNA (ARJONA),1.0,1.3,35.0,0.8450000000000001
52,6295,OTROS GASTOS,1.0,0.83,0.0,0.83
32,REF_AUTO_2F43B4,Mª JOSÉ (GRANADA),2.0,0.66,38.0,0.8184
8,AS04213,FRANCISCO PORCUNA (ARJONA),1.0,1.26,35.0,0.8190000000000001
Líneas de factura de compra,INA-11,ACADEMIA GUARDIA CIVIL,1.0,1.5,54.0,0.69
68,042629,ANASTASIO (FUENTE TÓJAR),1.0,2.1331,70.0,0.6399300000000001
69,042629,ANASTASIO (FUENTE TÓJAR),1.0,2.1331,70.0,0.6399300000000001
Líneas de factura de compra,DS-01,ACADEMIA GUARDIA CIVIL,2.0,0.7,54.0,0.6439999999999999
Líneas de factura de compra,CMH-104,ACADEMIA GUARDIA CIVIL,2.0,0.55,54.0,0.506
47,REF_AUTO_2F43B4,LA YEDRA,1.0,0.929,50.0,0.4645
68,027008,ANASTASIO,2.0,0.6,67.0,0.3959999999999999
69,027008,ANASTASIO,2.0,0.6,67.0,0.3959999999999999
Líneas de factura de compra,CMH-106M-H,ACADEMIA GUARDIA CIVIL,1.0,0.55,54.0,0.253
Líneas de factura de compra,CR-01,ACADEMIA GUARDIA CIVIL,1.0,0.5,54.0,0.2299999999999999
47,JUNTA-GOMA-ANCHA-40,LA YEDRA,2.0,0.17,50.0,0.17
68,050024,NICOLÁS,1.0,0.1581,0.0,0.1581
69,050024,NICOLÁS,1.0,0.1581,0.0,0.1581
32,REF_AUTO_2F43B4,BOLSA COMPRA PLASTICO,1.0,0.15,0.0,0.15
64,B,BOLSA COMPRA PLASTICO,1.0,0.15,0.0,0.15
27,REF_AUTO_2F43B4,BOLSA,1.0,0.05,0.0,0.05
44,343034,PISTOLA PROFESIONAL 18:1 310ML,1.0,0.01,0.0,0.01
33,AS04055,ABONO  DEVOLUCIÓN FACTURA 9749709,-1.0,5.1,35.0,-3.315
33,AS04051,ABONO  DEVOLUCIÓN FACTURA 9749709,-1.0,5.56,35.0,-3.614
32,740078010,RADIADOR EUROPA  800 C 10 ELEMENTOS 7 ELEMENTOS,-0.1,117.9,0.0,-11.79
4,HV330A,CRISTAL PUERTA HOGAR HV/HP/HQ,-1.0,100.0,40.0,-60.0
68,140953,TANIA,-1.0,133.31,0.0,-133.31
69,140953,TANIA,-1.0,133.31,0.0,-133.31
